id;name;profileImages__url
0x0000002a62b213fcbe7c46835536f10bc69dce3c;b00ste9;ipfs://QmNnXV3GGrXWmNoLcYrkpijkspNbSmKbygPrrdLDQRnxKf
0x0000d4659e5b1da00c48b9d15cf2aaba5a0f7ece;luksocat;ipfs://QmP5im1WYjzrUras6nW49QX3xoR4BVgQ9PjLSAYpSihCAD
0x000491fb71126921aa041c846fd78df38d50f7b2;kate;ipfs://QmQK5oRApcNNrjFxnYqcFfGDYzsQadvW6JbZJvKg6M9Dct
0x00067602af865973ace9f5e18a3611d604d9c58b;dirge;ipfs://QmPer1Zft6APPEFaVcqGgdVdvuZHTXWYUqn8jJgKmGcrov
0x000b66d64de039ea621834f4ea7197cc528fcc6b;eth9k;ipfs://QmRTYdZeU6fm7x9brfwHJnmL6cvjLgZvYUtbedFX29tNfs
0x000c3272b41f71a38624190a420e57618d4776fe;soon;ipfs://QmTVKVmn7Ap5Qi2Upzs2XY3kZ6UYro1Cy8S2oTHGojmCqw
0x000c72897b36156546f2c32134ba66f689379876;doc;ipfs://QmeA3VFjfWrY7mKyg88f3NHK4MsUaYctMkC2gHnuFCBLgZ
0x0010bd0c701a0f9a5db772a3a39d27e337206d5b;baymax;ipfs://QmUDKDwB7mwpAMgSMQphp6HaobmZxBKwQUgVcP1uhdR9dr
0x001384d63ca8e818dd3b0194cc7a9de1dead615d;0xdee;ipfs://QmTXL3Uft6S1JLE7b49xwkqBnnC9hNGejXGJPK5uXkt8BN
0x00188f1eeb064ce85bbea3e80fb7c44851867001;Nelox;https://hiozjdbnltsamlbfrfjj.supabase.co/storage/v1/object/public/common/profile-avatars/avatar-20.jpg
0x001c94f55f2879ad031f9ee062d52f4049b9f3ff;louis-gazelle;ipfs://QmQsbfjuSTzbkEyjoHHAe8HqWpzECtuA2cA3taqLNg5WCt
0x002c119d0396eb1d31a7e7f1156eb0a378f393c9;tokyo127;https://hiozjdbnltsamlbfrfjj.supabase.co/storage/v1/object/public/common/profile-avatars/avatar-21.jpg
0x00311eea40ef2687dc1049e5b6261481126fb9f3;Universal Page;ipfs://bafkreibp2agat3cclnenhkmsdi5hszjymzff3hag5xw2qerh7j7k2yroau
0x0034728610a94a3f84cde37d5c4648f63ed63865;Imitatolleur;https://hiozjdbnltsamlbfrfjj.supabase.co/storage/v1/object/public/common/profile-avatars/avatar-4.jpg
0x00355bc4d76746fcb7d36ffdc4dae806038f4a0e;daydreamer;ipfs://QmWN4961fRoCK5mDbRYw8WTvNrHppRDW73vPJmRWCZPAAt
0x003628b9698be0e209b15fffcb3060bbc43a5307;babatunde;ipfs://QmYywz1mEor687kMmXmHGGWWwqkBi2uPCVT6ypS4LWqtY8
0x0043c2daa76371fe1c55fa24b47eb8b0ece05fcb;axywelet;ipfs://bafkreigi4i2oy42fkom6kyim64rrcmfoelx75dwpmwzeofzenucvxepdte
0x004b6a3fb6562131533add6de0da078527304194;garry;ipfs://QmdK6oM4efXqqc96CmkpVqCxD9qWLiJztJuCkt9TnEhVDe
0x0050ab2f9f98e9b73b574a3435ac360333703bb3;divallain;ipfs://QmPS8wycx3AuJYB8zJJkXv2kHx7LytWTFw8pbqdLTdFLHT
0x0058b2a14a4c56ebd8c8ef9124979f769bce645b;xxx;ipfs://Qmf53kKsMnXtXgUGhRGRkfBaj1KFxxzbacifLqh4WfDicW
0x005a54b53f15a9548880d077271468ee40849b62;lzrbrd;ipfs://QmYkTmkDqSUNBHJN5AbyJXVEzQQyadoHyPzzLe7AMRGPx2
0x005b9b382d1612b287457689420855ecfaa990ff;alia;ipfs://QmZeocyrSgaEVi6qXeoTDa5mGBda3Q4Wq1qd4QTJJkSLS1
0x00677fa03284cbfdee5c5741866b4c6258901b69;450-495nm;ipfs://QmfLRKXMAii46r2t6bTccvvX2QX9BoPKgmmzcNoggrNb32
0x0067913da31201d52336caf4bbec1fc2453e7446;ryan;ipfs://QmarMPh88ChpL7xgdNZwhgWHBpetVUj4U6tN4RK2taFDM7
0x006bb8021508470a88dbec5f37ec4fb197ad47b3;derblocktalk;ipfs://QmSzQVAxp9tr7dabUN7u8b2GiC4Nxpn4obfRkW3g8nGMKx
0x006f6ebd01978375a4510f9b993d01edfd81f84a;8design;ipfs://QmWp7F69nt43n9hETw9Kr69za4nr5U74yUyZjGAoNA5pqg
0x006f954d3d53a1b2593e24fb4846bf5fbdcc5a0b;Berdy.L;ipfs://bafkreihnlgvmvcyzp3eerpdqqjvsrha443crgtst7m6lvbzy6cect2de6e
0x00710126adcc4e514251941099e03860dc9c51c9;0xApollo;ipfs://QmZ3yN5gS31zZnaEfbJcqut3kmwMTocztmRMVRFunFeeik
0x0071bb30cce9e123b60ccef9d065160e911e22f3;shiryu;ipfs://QmVcTDzEtsFFtktJ1BwVaHkiSBn78noBWaD3LVC1WWshrH
0x0074ad0d762714fd6327d926c805d3ddb911e4ce;metakaiki;ipfs://QmdSK8UguYRGNtzCWn9gBgwTnxqFGCsQmAnvgc64n32SJQ
0x007600c5f6ab63697d27ff97c1c53567f898f0ef;von;ipfs://QmX7wX4NexuaGF92aEctvFQkQWLrmNKkY7fdKKqsEsV54R
0x0077fd7cd43108bb6491b83907c3c4db6a5eca45;healinglens;ipfs://QmPXX6mvBbYPitbXCGwYBpCgpM15NQyTLkDcxdKuCAr8CF
0x00785ab0fd7fd958e149f81fb334027b4cd7c96a;max;ipfs://QmUMg3MW9BqrRf6DEtA5sx2HCP5FWJNe9ShBzukGtvhb9D
0x007ae307b2ccc0e25ac4a8184ad1fd4e2ae0e27f;amor;https://hiozjdbnltsamlbfrfjj.supabase.co/storage/v1/object/public/common/profile-avatars/avatar-4.jpg
0x007b5290c8bd1e49dbdd17307e9b1321e84aeaf9;Taskin;https://hiozjdbnltsamlbfrfjj.supabase.co/storage/v1/object/public/common/profile-avatars/avatar-2.jpg
0x007e1cf027aaa726cf229f874a2d8905f9850aa9;hodlceo;https://hiozjdbnltsamlbfrfjj.supabase.co/storage/v1/object/public/common/profile-avatars/avatar-11.jpg
0x007f490b26856a3f5154bba2acaa240bb5599646;getnlute;ipfs://QmUTztRJFspnUKGUohDTRVSVeTJ2xKfkS87jhYEFjzTMnz
0x00838a4a4285f366a671cd1bb6f0007cf2f506f9;nrvy;ipfs://bafybeicjqnzohz5zbwbt4n5aggaj4vwvcgpu5bvzzn2xoj7gk3hdrasyhe
0x0087007b8762909c2d0f8be09f886e44940ac678;Luksoman;ipfs://bafkreiewykwpiz2e3r7dit7dqpk32qk2ozs2g5qfgpvobwjopxg6ezncci
0x00902f4505f88b4b26a391b9a3ae6ec3aef91175;lyxvault;https://hiozjdbnltsamlbfrfjj.supabase.co/storage/v1/object/public/common/profile-avatars/robots/robot-28.png
0x00979099356c8107fdb6431bb496031865840eb1;kad1rs;ipfs://QmaZnxZRTvMaQQoSXgykojak9m8iCpp7i5yL6KGiFiwtrq
0x009b3f16a4a7950cfc8e147bd485a1a4c09666e3;samuel-v;ipfs://QmYDzijg44RtXBJPE9h854j19SXbUVwEdunLz4u3qXwrxz
0x009e72e1f8daa3600a794cd7ee0c455f6f530b09;Alexandre D'Heur;https://hiozjdbnltsamlbfrfjj.supabase.co/storage/v1/object/public/common/profile-avatars/humans/avatar-1.png
0x00a03c1488c46e7b61378d9a4f49795b25e19ec6;vault;ipfs://QmXaeA3W23VimfuUD9GGJ7pybHWYvA4h66yC4pCE4DofZh
0x00a580090170be854eb21c43024c06e90485c845;adrien;ipfs://QmXtp9XJ3jAH46Va2vW42edu9Eh9X38kjqhFHibZ7EiJZ6
0x00aa9761286f21437c90ad2f895ef0dca3484306;b00ste;ipfs://bafybeigsarmeo2bijkxcy2ea57h5vq5u7qszrrog2aqh6fb2vogklotjz4
0x00b8bb4cd69a62545d02269fb6f07a8c3b27c837;alebocacrypto;ipfs://QmaRW39RAi8DjzrHonimmtoVKeLdTGAPdJ3GM59ZEggCwi
0x00bdbb2261d16f97e080035bf61e71786397e526;levita-bev;ipfs://QmRTGS7fVEmvZAZLnUf83XC9QCU8yHY2XxiQMBHjULvN3U
0x00c6947ba256198d0b1c9ce52e24eb69761365c5;alexouroudoudou;ipfs://QmSu69rxV4gQTF2aVGLvJE7HZGc6sbyQLZSVSxPfsffedz
0x00c8d2a3e8adcc63fe3365432f546f160cde1eb6;boncloudboy;ipfs://Qmaig43KaacnpwsxLeDJ8jy3FKn9oqSPdmmnSeGkggT36t
0x00ee9109ce594908a52504dc82ceebd2efe0197b;dr0x;ipfs://QmaBmm5jXB6HWSQ7GKoGarPXLittjaCCYEohkCGtsEM4xf
0x00ef6cfc877b8ca198c15ffb5aac81fe98cc16a3;sifufresh;ipfs://QmWSYT4JufWQ4qnLx8fATxKQnF74UXifr4TtsTDnv4atek
0x00fd3dee8bbc292182ed19596c5a3e35e62eb99d;zed;ipfs://QmXKtNQMXnM1XqCAmtUprUoasWqPk8LkUrmF6k5WPBpmXy
0x0100b4876f83d668742bebbb74787db031ea5f7b;baks;ipfs://QmQdoWBnVM5FGQNt9Rydo162mi62gjAkZWuFbw81xhiLWA
0x01174d22c877e4ba1c22d410e746fc8c3a4ad6c3;acj;ipfs://QmQrQb3TFivaCZV4cCeH5rA1Fz6QdMzwoU2ezeQUuSMdqy
0x011d872df5ee5085a241dcadac0a25cc15a1443d;gdawg;ipfs://QmfDMPjgUkBV7jpTYfSeectUCQJCRDfHUiFfJEyGMwwbYX
0x011daa8fb20b2b7169791279228f26cd049a9fb9;ghost;ipfs://QmcG7jFQMACnbdxpmC1TdT8VGrG1gHTJsgBcNHTpbbaAzQ
0x0127e481ac09bccc161c63a4430106007cd45106;fb1907;ipfs://Qmenp8bvmZoG1P5C9RwQvmVra1VmkHNycDdzjVebYpwRRL
0x01352ccbcfc5583f62d20cac7dfdab3db55926ce;hansoloreturns;ipfs://QmTfqa8yDqZgavdyC6Z34ndsAv4vB29zVTiTa1jihwRsHu
0x013aa919eb8cf8553232fcce05a64832cb752249;dr0x2;ipfs://QmQz72SChmcdUn7CMgiTEz9wwHM4tRMKkvEcubPGzgH2cE
0x014238a71d1b2a729fa7392d6f8a805e035ec97b;donato;ipfs://QmWjzThJsgYqGthpCzyN948N3Ref4RaCBBfvSXcNpfnedy
0x014651a724c5eb9c5e2dabad768cbd144049fa08;faddacrypto;ipfs://QmY2M1GgF9VXGKTLfQ3LpN5rj2665RT4PrR7xCzcoD5TVN
0x0146573cdfcb78dce2b5c61912594de8ba90292a;negevist;ipfs://QmZ2qPswcPvSwuEEkDgvhVyBq1xayqbzRzwAeLq1cGNGit
0x01573ac01d91a77b3792ac638f696e7872580bbc;aurora;ipfs://QmeryNKiNdMwP4AQMbKr75z8RsNG2Bcb8yZ6N4qTxChtah
0x0158ded73abe7648cc8c8a8ffbed1d884197efb2;chaincoiner;ipfs://QmPehYTojx8btGAXbDZf88wKJJMmQo9PkcrHzPFGtiyaqX
0x0173641f99f733c07a23d25f4ef7208a2630b507;melvin;ipfs://QmSeNTuCgMjbEPxDSZhdqcuR5AFbKdRJASxZ6BgMFNLGNt
0x017bca3cf7bc55d2ca7797cee7201186f342f12f;eder-404;ipfs://QmVNUYuRzowcrXzPy5zFcyhrpXUZEixF669GrN3FyuaeRp
0x017e737a167f712819acbdd04f50066345a8716c;rl-lx;ipfs://bafybeido4ivek2f7felxf23yfuoz6c6me5qn54oe63zie3gxiypw5ogmje
0x018f43818c9a8b2421536e880bc01176e6e963e9;pantarhei;ipfs://Qme9A2DENrwxa9yGTTwFuquBJzjeWHA27wFUggQLTAQobm
0x01999026d549640aa53426a828722fdf488a2b60;surf;ipfs://QmaYmFQMUGzdPf3KtgBgfWg96vSgZEWZEkgnRhbMmyTtWM
0x019b6c81a0334854df1c047e7babeb61eb7f8fc3;cryptofit;ipfs://QmPXpAt6EugPrdJYt6pxmCtDjYih8s7MyKRXXfJbWr15qf
0x01a174648a9ae50d1978df36bfed4ded62850b06;kejan;ipfs://QmY3zt9sBoeLPogZjxuVnzNmvCAxY4rFyL1rwFKUmDSeVn
0x01a4ddd0b88005da914137e1fc3652c7ff49d947;Dale Parr;https://hiozjdbnltsamlbfrfjj.supabase.co/storage/v1/object/public/common/profile-avatars/avatar-6.jpg
0x01aa6a189e8457c9e1c6af34ed6630bb323ddd60;Xstar236;https://hiozjdbnltsamlbfrfjj.supabase.co/storage/v1/object/public/common/profile-avatars/avatar-7.jpg
0x01b7dc3ca4e39281069568c4022b93d955ad1c92;realwhenley;ipfs://QmWckziP2J2MYLPmyr4Mq7Pa1LiZmMxKXdnuc675hP23Lh
0x01ba7d10f06c87f10aea25b3113c2cd104920d97;redcali;ipfs://QmQ7vzjLGh8gbL7yChHj3L7DTwr7eZ7sTtZyeUJmPLfHNs
0x01bb92cdf50cca9493ea5c5275b04d1d0c843486;cdarls;ipfs://QmZsm33z8hQynGiPsRsie2hhm9sm3GtcZEcwWjdnnCwbpc
0x01bf233625a125af71f9bd8c0ef37397a10216f7;willy-ewc;ipfs://QmcSGQWSjGKcc82FpDXeQ28SWWc6jR6v5t2eYwuM6mySWk
0x01c8cc3ce3a7517a59fd2d35a1efaf36e7989bfd;scar;ipfs://QmT8HDWPzyrAMztbnNw7TTMwMfVtpxaYaSQpaFRd4Jc7pS
0x01cfbf6312c5363b8483b058ea0317ca131c3f4f;skarloey;https://hiozjdbnltsamlbfrfjj.supabase.co/storage/v1/object/public/common/profile-avatars/robots/robot-40.png
0x01d1f8f181d7cc25facd259e33bb19e642afcd19;mob100Xs;https://hiozjdbnltsamlbfrfjj.supabase.co/storage/v1/object/public/common/profile-avatars/avatar-7.jpg
0x01d989feb8ec4da81dd40ccebbb3e3e104c29fc5;Hydro;ipfs://QmWGj8PR1UBPMBTvFZtFjp6nJGVgJjRmNyJb8XgkkPZ2gn
0x01dcc5b07dbdc2444d365c485b47a088406e229b;Seizzi;ipfs://bafkreibehja4ijmej4elplnfp4drlikumveg4xhu6cagz3jhj3uyi3xyia
0x01e0cab664e41e3f4aec3df2d37d3538028fcd4a;pr0jectsbbe;ipfs://QmbVHFmCaWkYMgTVkWZuyyRaja2cBH3ES4TwqVaX4YaSvh
0x01e5982974438e6d2060455101c9616455c45542;njonn;ipfs://QmTx5LyBwoj4a9RxXFxU4WxjjoVSButWW8mWxWawz7dRQq
0x01e6b456dc2c8ea913a439b8aa0940f710cdc00c;umezou;ipfs://QmWoEptDspEu6PX5cpCjmAbdnwgQDjHQwPFS3Hit3py8fu
0x01e87ef54f758186f3d43db89d6b4d02d53bb734;cenk05;ipfs://QmVxxDs9EYMHgXygtBBkp4pp597cNp4JkBsR81BuAymqAm
0x01eb1820f5ef2e7b5c49744a5a4e18e3f4e0a4db;nakagawazin;ipfs://bafkreifdcoi4y4qi5e2x6t3qgodinysso62vtbr7jc3lij4xtb6hv7o42m
0x01ec3afe361fa61264749e0c90b83e0beb70dde3;benquy;ipfs://QmUvjxmziivMpFSP2XY1MFjfsG6TH8xt9VbBV6dqGHyMdj
0x01f65712d2122dca90d856f503ea62c659fb6c6a;nathansatan;ipfs://bafybeifv3vpabz5jorbvc575fj22wj345oz2vyzgityexhaxbwm3x4446u
0x01ff98055f717d1c6b7a7922d786869b63d05ddd;jacq;ipfs://QmSozdrBFyV8SCrmVJSs3VUhUxk1dabtw9piu6VLNXsq8N
0x020791402682f31b8d8d8ff657f362f61b69c89c;tracey;ipfs://QmfG11TknK6NSeYxc53hEo9zpfv91rA2rG28pUoeVnEbAm
0x020d670c247b55a7a80740772030744a6f4164e4;oothkoo;ipfs://QmTfKcPzjbXCurrLUHnBRbzC7Nu2PToVsPqGkyjNSxuLg6
0x02140136103d04d076eab9d782f7e1f780ec600e;memory;ipfs://QmQ55X6zRSZyrarbizTzjKHVLmAFdhAArh5odpPFJagMje
0x02201c067a6fb0efe9089935e0e0f1e3ef967af1;0;ipfs://QmQ2KhZZiKqsHEmBVGRNe31e8TJnNbeRxxpe7s8QW6t1Us
0x02203544096b5ff75be0a62b1c5a1a96eac936e5;virtuallydan;ipfs://QmVrHzYiNA9AqNDrnjSLiqhtVPXHmdgTWyhxyx7xRQ2tZ4
0x022636e2713dbd0bd50c668ae29e7ee1a89d30bd;twentyoneburt;ipfs://QmXeMbp6pdX4VrtKxiu5omjGvSue4RhSLthxZ2NCGBtHT6
0x022ebd77a2208572e1b524239f46d57d8e7e32ee;Giovanni Bianco;ipfs://QmZRsF7WQXzgVCXqxsrUZiv54Qxo6gbLW81uxiaPhqM4i7
0x0231c85a434a8ff0aff70ede5cfc3c71947cb107;cn-crypto;ipfs://QmVWngiTiMgXS1REL16UmsbEK2Rf2nGSQ7oZPJkp7Ea6HM
0x023449e331574d9b80937d8be9cc3221cf31eea5;bozp;ipfs://bafybeidfsdsuzoiyedmkxamzseyhp7vwdmvnqs4tfqugmgmnuh2ivdix6i